campaign_id,campaign_name,channel,start_date,end_date,spend,impressions,clicks,conversions,ctr_pct,conversion_rate_pct,cac
CMP001,Google Ads Mar 2026 Push,Google Ads,2026-03-06,2026-04-16,147696.44,156494,10258,936,6.55,9.12,157.8
CMP002,Instagram Dec 2025 Push,Instagram,2025-12-24,2026-01-07,173111.35,63257,3575,340,5.65,9.51,509.15
CMP003,Facebook Nov 2025 Push,Facebook,2025-11-25,2025-12-16,112293.94,369672,18536,1313,5.01,7.08,85.52
CMP004,Email Jul 2026 Push,Email,2026-07-19,2026-07-31,4984.25,493490,18681,1793,3.79,9.6,2.78
CMP005,Affiliate Dec 2025 Push,Affiliate,2025-12-31,2026-02-03,242341.15,257896,8231,491,3.19,5.97,493.57
CMP006,Organic Apr 2026 Push,Organic,2026-04-04,2026-05-07,0.0,49407,3688,121,7.46,3.28,0.0
CMP007,Google Ads Nov 2025 Push,Google Ads,2025-11-02,2025-12-01,112320.88,166650,5084,423,3.05,8.32,265.53
CMP008,Instagram Oct 2025 Push,Instagram,2025-10-06,2025-10-25,242177.59,20469,1507,42,7.36,2.79,5766.13
CMP009,Facebook Feb 2026 Push,Facebook,2026-02-25,2026-04-06,95571.38,377594,11866,1197,3.14,10.09,79.84
CMP010,Email Sep 2025 Push,Email,2025-09-13,2025-10-17,5101.27,334586,20189,1832,6.03,9.07,2.78
CMP011,Affiliate Apr 2026 Push,Affiliate,2026-04-28,2026-06-03,144351.03,34607,1899,61,5.49,3.21,2366.41
CMP012,Organic May 2026 Push,Organic,2026-05-31,2026-07-07,0.0,406076,13263,1200,3.27,9.05,0.0
CMP013,Google Ads Oct 2025 Push,Google Ads,2025-10-14,2025-11-16,97259.88,255728,14997,1573,5.86,10.49,61.83
CMP014,Instagram Oct 2025 Push,Instagram,2025-10-15,2025-11-19,164096.11,419924,10883,561,2.59,5.15,292.51
CMP015,Facebook Nov 2025 Push,Facebook,2025-11-29,2026-01-04,114496.4,364004,11524,237,3.17,2.06,483.11
CMP016,Email May 2026 Push,Email,2026-05-01,2026-05-16,9811.91,303727,16379,766,5.39,4.68,12.81
CMP017,Affiliate Dec 2025 Push,Affiliate,2025-12-11,2026-01-18,132117.37,478092,25232,1554,5.28,6.16,85.02
CMP018,Organic May 2026 Push,Organic,2026-05-11,2026-06-18,0.0,341415,17155,1219,5.02,7.11,0.0
CMP019,Google Ads Dec 2025 Push,Google Ads,2025-12-02,2026-01-03,39765.96,303435,10151,431,3.35,4.25,92.26
CMP020,Instagram Jul 2026 Push,Instagram,2026-07-01,2026-07-24,73181.03,387039,30848,1914,7.97,6.2,38.23
CMP021,Facebook Jan 2026 Push,Facebook,2026-01-07,2026-01-27,34274.97,308826,5144,105,1.67,2.04,326.43
CMP022,Email Sep 2025 Push,Email,2025-09-04,2025-09-27,6035.91,166909,6694,289,4.01,4.32,20.89
CMP023,Affiliate Feb 2026 Push,Affiliate,2026-02-04,2026-02-16,36367.38,15247,490,17,3.21,3.47,2139.26
CMP024,Organic Oct 2025 Push,Organic,2025-10-23,2025-11-23,0.0,185733,13847,639,7.46,4.61,0.0
