return_id,order_id,return_date,return_reason,refund_amount
RET1001,O100008,2026-01-02,Defective,7748.5
RET1002,O100016,2026-01-29,Changed Mind,1787.1
RET1003,O100017,2025-12-09,Changed Mind,6087.4
RET1004,O100022,2025-10-17,Changed Mind,1012.05
RET1005,O100023,2025-11-27,Not as Described,7226.35
RET1006,O100050,2026-02-14,Size Issue,68434.16
RET1007,O100062,2026-03-28,Defective,3513.05
RET1008,O100076,2026-02-04,Wrong Item,2501.32
RET1009,O100087,2025-12-11,Wrong Item,355.98
RET1010,O100127,2026-06-02,Wrong Item,1678.5
RET1011,O100139,2025-10-06,Changed Mind,784.01
RET1012,O100145,2025-09-10,Not as Described,2389.33
RET1013,O100146,2026-07-17,Changed Mind,58012.56
RET1014,O100178,2025-09-23,Not as Described,26464.13
RET1015,O100181,2026-04-12,Defective,5352.26
RET1016,O100197,2026-04-12,Changed Mind,1859.85
RET1017,O100213,2026-05-06,Wrong Item,1827.86
RET1018,O100215,2026-03-26,Size Issue,11946.82
RET1019,O100230,2026-03-08,Not as Described,164241.98
RET1020,O100237,2025-09-27,Defective,2392.63
RET1021,O100291,2025-11-10,Late Delivery,3364.24
RET1022,O100295,2025-09-28,Defective,2019.85
RET1023,O100324,2025-11-28,Not as Described,525.03
RET1024,O100356,2026-07-15,Defective,8392.52
RET1025,O100366,2025-12-30,Wrong Item,68434.16
RET1026,O100372,2026-03-05,Not as Described,5641.55
RET1027,O100405,2026-02-11,Wrong Item,25740.09
RET1028,O100409,2026-04-09,Defective,1375.97
RET1029,O100412,2025-10-10,Changed Mind,4217.78
RET1030,O100413,2026-05-18,Size Issue,6950.06
RET1031,O100418,2026-03-08,Size Issue,18739.53
RET1032,O100441,2025-12-28,Wrong Item,2470.99
RET1033,O100497,2026-03-29,Wrong Item,1498.24
RET1034,O100501,2025-11-02,Changed Mind,780.37
RET1035,O100519,2026-05-15,Late Delivery,1653.2
RET1036,O100522,2025-11-16,Not as Described,3944.41
RET1037,O100578,2025-12-17,Defective,1807.87
RET1038,O100597,2026-06-11,Wrong Item,3336.88
RET1039,O100625,2026-05-14,Defective,2789.78
RET1040,O100652,2025-08-26,Late Delivery,25370.06
RET1041,O100654,2026-04-14,Size Issue,52552.08
RET1042,O100673,2026-08-12,Late Delivery,668.41
RET1043,O100706,2026-03-18,Defective,54971.02
RET1044,O100725,2026-06-08,Changed Mind,53480.6
RET1045,O100726,2026-04-23,Changed Mind,6243.63
RET1046,O100736,2025-09-11,Late Delivery,30910.76
RET1047,O100776,2026-05-31,Changed Mind,11283.1
RET1048,O100780,2025-10-15,Wrong Item,98325.06
RET1049,O100784,2026-04-01,Defective,632.02
RET1050,O100861,2026-04-15,Changed Mind,155366.89
RET1051,O100875,2025-09-21,Size Issue,609.7
RET1052,O100884,2025-12-07,Late Delivery,1870.0
RET1053,O100891,2026-07-31,Defective,4757.99
RET1054,O100899,2026-05-27,Wrong Item,2979.62
RET1055,O100902,2026-02-01,Size Issue,58012.56
RET1056,O100908,2026-03-22,Late Delivery,3325.57
RET1057,O100990,2026-03-08,Changed Mind,1291.12
RET1058,O101004,2026-07-19,Defective,5155.28
RET1059,O101008,2026-07-01,Changed Mind,10499.76
RET1060,O101068,2026-03-05,Not as Described,1983.46
RET1061,O101095,2025-10-05,Late Delivery,895.65
RET1062,O101122,2025-11-11,Defective,948.03
RET1063,O101134,2026-08-25,Changed Mind,10422.4
RET1064,O101135,2026-06-06,Not as Described,4370.98
RET1065,O101160,2025-09-20,Changed Mind,3794.82
RET1066,O101166,2026-06-24,Not as Described,392.71
RET1067,O101181,2026-01-08,Changed Mind,9255.32
RET1068,O101196,2025-11-02,Not as Described,109269.3
RET1069,O101204,2026-04-13,Wrong Item,2953.78
RET1070,O101211,2026-08-10,Size Issue,5257.79
RET1071,O101216,2025-11-10,Size Issue,43976.82
RET1072,O101233,2026-04-11,Wrong Item,3329.42
RET1073,O101249,2025-10-01,Changed Mind,3357.01
RET1074,O101251,2025-09-10,Size Issue,10358.48
RET1075,O101271,2025-11-12,Defective,1604.45
RET1076,O101278,2025-12-13,Wrong Item,4661.32
RET1077,O101295,2026-01-04,Size Issue,1166.74
RET1078,O101298,2026-06-22,Not as Described,9503.88
RET1079,O101305,2025-09-27,Changed Mind,2064.11
RET1080,O101320,2025-12-07,Size Issue,11187.36
RET1081,O101342,2026-02-10,Changed Mind,4796.15
RET1082,O101355,2025-12-29,Defective,3373.53
RET1083,O101356,2026-01-12,Size Issue,482.66
RET1084,O101391,2026-05-17,Size Issue,4947.32
RET1085,O101408,2025-12-29,Defective,6336.48
RET1086,O101430,2026-05-26,Not as Described,6072.35
RET1087,O101472,2026-08-12,Wrong Item,3329.42
RET1088,O101489,2025-12-15,Size Issue,686.76
RET1089,O101512,2026-07-20,Not as Described,2691.31
RET1090,O101553,2025-11-10,Late Delivery,6257.58
RET1091,O101563,2025-09-12,Not as Described,812.29
RET1092,O101589,2025-10-28,Size Issue,2098.13
RET1093,O101597,2026-04-24,Changed Mind,4690.08
RET1094,O101614,2025-12-20,Defective,5439.97
RET1095,O101625,2025-11-06,Changed Mind,3588.41
RET1096,O101631,2026-04-14,Size Issue,59060.58
RET1097,O101644,2026-04-30,Not as Described,2274.24
RET1098,O101653,2025-12-06,Late Delivery,109029.4
RET1099,O101704,2026-07-17,Late Delivery,13009.07
RET1100,O101727,2026-02-24,Wrong Item,1847.54
RET1101,O101735,2026-01-05,Changed Mind,4812.16
RET1102,O101740,2026-06-29,Size Issue,13909.84
RET1103,O101770,2026-01-09,Late Delivery,4294.71
RET1104,O101804,2025-12-11,Defective,213922.4
RET1105,O101821,2026-02-15,Size Issue,2298.72
RET1106,O101885,2026-02-24,Changed Mind,3476.4
RET1107,O101897,2026-04-12,Late Delivery,196252.92
RET1108,O101907,2025-11-14,Changed Mind,3874.25
RET1109,O101912,2026-08-13,Defective,2314.38
RET1110,O101914,2026-01-07,Wrong Item,9391.64
RET1111,O101940,2026-08-07,Late Delivery,6950.06
RET1112,O101996,2025-11-11,Not as Described,4920.28
RET1113,O102002,2025-10-28,Defective,3009.72
RET1114,O102101,2026-08-19,Wrong Item,6847.34
RET1115,O102103,2025-11-23,Late Delivery,1693.9
RET1116,O102109,2026-07-10,Changed Mind,18028.57
RET1117,O102118,2026-03-09,Size Issue,54514.7
RET1118,O102128,2025-11-12,Size Issue,114968.11
RET1119,O102131,2026-07-12,Wrong Item,2349.98
RET1120,O102140,2025-10-09,Late Delivery,6294.39
RET1121,O102168,2025-11-21,Defective,1329.24
RET1122,O102170,2026-04-05,Wrong Item,12456.03
RET1123,O102173,2026-04-17,Defective,531.7
RET1124,O102194,2026-01-20,Size Issue,5866.43
RET1125,O102200,2025-09-25,Changed Mind,1846.84
RET1126,O102212,2026-02-20,Changed Mind,3099.75
RET1127,O102214,2026-03-20,Wrong Item,206.69
RET1128,O102232,2025-12-09,Size Issue,9096.96
RET1129,O102290,2026-07-03,Changed Mind,436.09
RET1130,O102318,2025-09-26,Size Issue,1033.25
RET1131,O102337,2025-12-31,Changed Mind,533.26
RET1132,O102347,2025-09-01,Defective,175.69
RET1133,O102349,2025-11-19,Not as Described,7420.98
RET1134,O102357,2025-12-04,Wrong Item,25163.26
RET1135,O102362,2025-12-12,Size Issue,413.38
RET1136,O102364,2026-03-31,Wrong Item,3689.44
RET1137,O102387,2026-01-31,Defective,3874.69
RET1138,O102397,2026-07-17,Wrong Item,2132.68
RET1139,O102401,2026-04-20,Defective,4665.92
RET1140,O102428,2026-04-13,Changed Mind,4214.1
RET1141,O102452,2025-11-19,Late Delivery,12307.84
RET1142,O102460,2025-11-24,Not as Described,3629.61
RET1143,O102479,2025-09-23,Late Delivery,
RET1144,O102483,2025-09-12,Not as Described,9331.84
RET1145,O102488,2025-09-02,Not as Described,1524.51
RET1146,O102513,2026-07-26,Size Issue,6913.11
RET1147,O102526,2026-07-03,Changed Mind,4942.18
RET1148,O102552,2026-02-25,Not as Described,6728.48
RET1149,O102572,2026-03-09,Not as Described,171255.6
RET1150,O102577,2025-12-21,Size Issue,9955.68
RET1151,O102610,2025-10-19,Changed Mind,1139.13
RET1152,O102611,2026-05-17,Size Issue,4168.96
RET1153,O102615,2026-05-13,Defective,68434.16
RET1154,O102627,2026-04-08,Late Delivery,36475.38
RET1155,O102630,2025-10-10,Size Issue,2568.9
RET1156,O102678,2026-04-03,Defective,6323.32
RET1157,O102728,2026-01-01,Changed Mind,776.84
RET1158,O102734,2026-03-07,Not as Described,154700.16
RET1159,O102764,2026-06-11,Late Delivery,11461.92
RET1160,O102797,2025-11-05,Size Issue,-21094.69
RET1161,O102806,2025-12-01,Late Delivery,2446.15
RET1162,O102823,2026-05-02,Changed Mind,917.32
RET1163,O102824,2026-02-11,Late Delivery,2574.89
RET1164,O102872,2025-11-01,Wrong Item,645.56
RET1165,O102913,2025-08-26,Wrong Item,75489.79
RET1166,O102919,2025-09-14,Defective,2840.82
RET1167,O102921,2026-07-22,Changed Mind,1287.74
RET1168,O102942,2026-07-16,Changed Mind,1431.57
RET1169,O102962,2026-08-09,Late Delivery,8304.02
RET1170,O102967,2026-07-03,Wrong Item,1525.28
RET1171,O102976,2026-01-03,Changed Mind,1224.38
RET1172,O102978,2026-02-20,Size Issue,2810.98
RET1173,O103010,2026-01-25,Late Delivery,4214.1
RET1174,O103033,2025-10-06,Changed Mind,1045.48
RET1175,O103052,2025-10-13,Not as Described,722.03
RET1176,O103064,2026-06-24,Late Delivery,2928.95
RET1177,O103069,2025-09-16,Changed Mind,17406.32
RET1178,O103071,2026-05-21,Size Issue,2857.16
RET1179,O103084,2026-06-13,Defective,4378.3
RET1180,O103095,2026-04-08,Changed Mind,17606.92
RET1181,O103114,2026-07-26,Not as Described,1662.79
RET1182,O103157,2026-02-06,Wrong Item,1114.02
RET1183,O103167,2026-04-29,Wrong Item,7058.42
RET1184,O103175,2026-01-09,Late Delivery,5547.56
RET1185,O103187,2025-10-24,Wrong Item,6294.39
RET1186,O103191,2026-07-12,Wrong Item,2654.85
RET1187,O103201,2026-09-02,Not as Described,2869.08
RET1188,O103206,2025-09-12,Defective,17985.57
RET1189,O103220,2025-12-03,Late Delivery,9947.14
RET1190,O103223,2026-06-25,Late Delivery,1936.56
RET1191,O103230,2025-10-25,Size Issue,264.8
RET1192,O103308,2025-10-09,Late Delivery,8864.37
RET1193,O103316,2025-12-11,Changed Mind,8239.65
RET1194,O103320,2026-02-26,Not as Described,48132.54
RET1195,O103360,2026-07-23,Late Delivery,480.22
RET1196,O103412,2026-03-29,Changed Mind,3863.22
RET1197,O103426,2025-10-11,Size Issue,1817.67
RET1198,O103442,2026-03-08,Wrong Item,802.78
RET1199,O103445,2026-03-01,Not as Described,2556.09
RET1200,O103455,2025-09-26,Not as Described,183.62
RET1201,O103481,2026-08-14,Not as Described,6847.34
RET1202,O103482,2025-09-21,Size Issue,1415.95
RET1203,O103491,2025-10-06,Changed Mind,1038.89
RET1204,O103492,2026-01-30,Wrong Item,2589.94
RET1205,O103504,2026-01-18,Defective,121019.06
RET1206,O103515,2026-02-13,Not as Described,10704.52
RET1207,O103526,2025-09-10,Wrong Item,709.09
RET1208,O103542,2026-04-27,Late Delivery,1769.94
RET1209,O103580,2025-11-12,Defective,4120.07
RET1210,O103583,2025-10-31,Not as Described,413.38
RET1211,O103604,2026-02-02,Not as Described,13868.9
RET1212,O103610,2025-09-21,Wrong Item,1847.54
RET1213,O103634,2025-12-19,Changed Mind,23576.42
RET1214,O103641,2026-07-25,Wrong Item,383.58
RET1215,O103651,2026-04-24,Late Delivery,13054.74
RET1216,O103668,2025-09-18,Late Delivery,201003.36
RET1217,O103684,2026-06-02,Late Delivery,52895.62
RET1218,O103688,2026-01-22,Defective,802.78
RET1219,O103716,2026-03-31,Size Issue,9322.8
RET1220,O103722,2026-03-29,Defective,11181.04
RET1221,O103723,2026-02-27,Changed Mind,6256.51
RET1222,O103739,2025-10-09,Defective,583.37
RET1223,O103742,2025-12-11,Not as Described,667.38
RET1224,O103770,2026-06-21,Changed Mind,69358.92
RET1225,O103783,2026-07-17,Changed Mind,2706.0
RET1226,O103840,2025-12-06,Wrong Item,2315.13
RET1227,O103846,2026-01-17,Size Issue,11990.38
RET1228,O103874,2026-07-18,Wrong Item,7306.2
RET1229,O103881,2026-04-16,Not as Described,4556.52
RET1230,O103908,2026-05-28,Size Issue,1844.72
RET1231,O103909,2026-04-28,Size Issue,5033.22
RET1232,O103933,2026-05-15,Changed Mind,3529.21
RET1233,O103945,2025-12-14,Size Issue,5006.06
RET1234,O103946,2026-06-28,Not as Described,5760.46
RET1235,O103990,2026-03-31,Changed Mind,2798.82
RET1236,O103995,2025-11-14,Changed Mind,106961.2
RET1237,O104016,2026-07-25,Changed Mind,3513.05
RET1238,O104027,2026-02-11,Defective,1405.49
RET1239,O104044,2025-12-15,Not as Described,19915.56
RET1240,O104074,2026-04-14,Wrong Item,1484.03
RET1241,O104093,2026-08-26,Wrong Item,6474.84
RET1242,O104103,2026-03-24,Wrong Item,14799.82
RET1243,O104118,2025-10-31,Not as Described,3465.45
RET1244,O104121,2026-03-02,Late Delivery,2098.13
RET1245,O104125,2026-08-27,Wrong Item,6409.71
RET1246,O104179,2025-12-06,Wrong Item,135577.35
RET1247,O104193,2025-08-29,Late Delivery,13997.76
RET1248,O104225,2026-02-22,Not as Described,3356.86
RET1249,O104256,2026-06-21,Defective,2975.68
RET1250,O104275,2025-12-27,Not as Described,3686.99
RET1251,O104276,2026-01-08,Changed Mind,4757.99
RET1252,O104320,2026-02-23,Changed Mind,9286.16
RET1253,O104330,2026-02-26,Changed Mind,3161.66
RET1254,O104335,2026-08-15,Defective,298.55
RET1255,O104368,2026-08-14,Wrong Item,-10680.83
RET1256,O104395,2026-08-24,Wrong Item,7430.67
RET1257,O104406,2025-08-25,Wrong Item,1667.99
RET1258,O104417,2025-09-28,Not as Described,1063.39
RET1259,O104458,2026-06-16,Late Delivery,4697.26
RET1260,O104471,2026-08-29,Changed Mind,6688.26
RET1261,O104475,2025-09-23,Defective,9883.95
RET1262,O104489,2026-04-24,Defective,1993.22
RET1263,O104492,2026-03-10,Late Delivery,299.83
RET1264,O104497,2026-08-28,Not as Described,26735.97
RET1265,O104506,2026-05-17,Size Issue,-1420.41
RET1266,O104511,2026-02-03,Size Issue,121410.33
RET1267,O104571,2026-05-03,Late Delivery,1202.86
RET1268,O104587,2026-05-04,Changed Mind,109029.4
RET1269,O104608,2026-04-09,Late Delivery,2098.13
RET1270,O104614,2026-03-21,Late Delivery,3953.74
RET1271,O104620,2026-05-14,Not as Described,2300.1
RET1272,O104624,2026-07-19,Defective,1521.85
RET1273,O104633,2026-04-12,Late Delivery,3087.83
RET1274,O104675,2026-07-10,Changed Mind,109362.82
RET1275,O104698,2026-01-04,Size Issue,4155.56
RET1276,O104735,2026-07-19,Not as Described,709.09
RET1277,O104736,2026-07-23,Not as Described,3007.16
RET1278,O104746,2025-09-29,Changed Mind,4036.96
RET1279,O104763,2026-02-23,Size Issue,7629.4
RET1280,O104789,2025-10-06,Late Delivery,1517.88
RET1281,O104792,2026-03-09,Size Issue,588.59
RET1282,O104804,2026-08-10,Defective,38372.92
RET1283,O104805,2026-05-16,Late Delivery,564.96
RET1284,O104813,2026-03-07,Not as Described,299.83
RET1285,O104817,2026-03-13,Not as Described,8754.63
RET1286,O104819,2026-05-01,Not as Described,3607.24
RET1287,O104844,2025-12-29,Size Issue,9530.77
RET1288,O104865,2026-05-05,Size Issue,2486.08
RET1289,O104870,2025-09-24,Wrong Item,5967.74
RET1290,O104875,2026-01-02,Changed Mind,10066.43
RET1291,O104910,2025-10-23,Changed Mind,4695.07
RET1292,O104946,2026-07-26,Defective,2654.91
RET1293,O104965,2025-12-30,Changed Mind,5211.2
RET1294,O104969,2026-06-12,Changed Mind,1405.49
RET1295,O104973,2025-10-13,Changed Mind,18723.01
RET1296,O104982,2026-05-11,Late Delivery,8025.91
RET1297,O104999,2025-09-14,Defective,195.09
RET1298,O105000,2026-05-26,Not as Described,2698.82
